{
  "env": "default",
  "host": "0.0.0.0",
  "port": "8080",
  "publicPath": "/",
  "assetPath": "assets",
  "jsSourcePath": "src/js",
  "optimization": {
    "analyzeMode": false,
    "analyze": {
      "port": 8888
    }
  },
  "browserSync": {
    "active": true,
    "port": 3002
  },
  "html": [
    {
			"name": "homepage",
      "title": "North Loop - Home",
      "template": "_default.html",
      "filename": "index.html"
    }
  ],
  "app": {
    "description": "config inside 'app' will be injected to your frontend code automatically"
  }
}
