{
  "app": {
    "css": "/assets/app-ddc7228b911334c10c21.css",
    "js": "/assets/app-ddc7228b911334c10c21.js"
  },
  "vendors~app": {
    "js": "/assets/3.ddc7228b911334c10c21.js"
  },
  "": {
    "js": [
      "/assets/0.ddc7228b911334c10c21.js",
      "/assets/1.ddc7228b911334c10c21.js",
      "/assets/4.ddc7228b911334c10c21.js",
      "/assets/5.ddc7228b911334c10c21.js",
      "/assets/6.ddc7228b911334c10c21.js",
      "/assets/7.ddc7228b911334c10c21.js",
      "/assets/8.ddc7228b911334c10c21.js",
      "/assets/9.ddc7228b911334c10c21.js"
    ],
    "png": [
      "/assets/07ff74940998958a0a8804892baa50d4.png",
      "/assets/45c78a426f72a4a2d7b1e3f977fc38d2.png",
      "/assets/47f94610e2593ace6f1e8d231d9fc16b.png",
      "/assets/50522e2f4b4bf384465649b533d04450.png",
      "/assets/712f5817b2bbc2578ddedd45e83002e3.png",
      "/assets/8323f9bd647e984a80309dfe518c38fa.png",
      "/assets/8a12a78b3a879078ce13cc8d71803ed5.png",
      "/assets/8a6ac674594e294b9068a68947d55394.png",
      "/assets/905b56b83a835fbc6c971ef2e92f8784.png",
      "/assets/97b8ca3af6649dd8bb370f044778ac42.png",
      "/assets/97f97734ca19905e43f7f117fcc6979b.png",
      "/assets/a9bd3902650d12de3bdfdf2f0d453e85.png",
      "/assets/b05f0b9e0c58965c209fcaefcbabe262.png",
      "/assets/c556c8b48f788b74059b37b7c5fb5994.png",
      "/assets/cefb1498544c7b4872aaa6f73585b522.png",
      "/assets/fafc49a80ed018301cd380d362a170d7.png"
    ],
    "css": [
      "/assets/4-ddc7228b911334c10c21.css",
      "/assets/7-ddc7228b911334c10c21.css",
      "/assets/8-ddc7228b911334c10c21.css",
      "/assets/9-ddc7228b911334c10c21.css"
    ],
    "eot": "/assets/YourFavoriteFont.eot",
    "otf": "/assets/YourFavoriteFont.otf",
    "html": "/index.html"
  },
  "metadata": {
    "version": "1.3.4"
  }
}